MerchantID,MerchantName,Location
2001,Merchant 2001,Location 2001
2002,Merchant 2002,Location 2002
2003,Merchant 2003,Location 2003
2004,Merchant 2004,Location 2004
2005,Merchant 2005,Location 2005
2006,Merchant 2006,Location 2006
2007,Merchant 2007,Location 2007
2008,Merchant 2008,Location 2008
2009,Merchant 2009,Location 2009
2010,Merchant 2010,Location 2010
2011,Merchant 2011,Location 2011
2012,Merchant 2012,Location 2012
2013,Merchant 2013,Location 2013
2014,Merchant 2014,Location 2014
2015,Merchant 2015,Location 2015
2016,Merchant 2016,Location 2016
2017,Merchant 2017,Location 2017
2018,Merchant 2018,Location 2018
2019,Merchant 2019,Location 2019
2020,Merchant 2020,Location 2020
2021,Merchant 2021,Location 2021
2022,Merchant 2022,Location 2022
2023,Merchant 2023,Location 2023
2024,Merchant 2024,Location 2024
2025,Merchant 2025,Location 2025
2026,Merchant 2026,Location 2026
2027,Merchant 2027,Location 2027
2028,Merchant 2028,Location 2028
2029,Merchant 2029,Location 2029
2030,Merchant 2030,Location 2030
2031,Merchant 2031,Location 2031
2032,Merchant 2032,Location 2032
2033,Merchant 2033,Location 2033
2034,Merchant 2034,Location 2034
2035,Merchant 2035,Location 2035
2036,Merchant 2036,Location 2036
2037,Merchant 2037,Location 2037
2038,Merchant 2038,Location 2038
2039,Merchant 2039,Location 2039
2040,Merchant 2040,Location 2040
2041,Merchant 2041,Location 2041
2042,Merchant 2042,Location 2042
2043,Merchant 2043,Location 2043
2044,Merchant 2044,Location 2044
2045,Merchant 2045,Location 2045
2046,Merchant 2046,Location 2046
2047,Merchant 2047,Location 2047
2048,Merchant 2048,Location 2048
2049,Merchant 2049,Location 2049
2050,Merchant 2050,Location 2050
2051,Merchant 2051,Location 2051
2052,Merchant 2052,Location 2052
2053,Merchant 2053,Location 2053
2054,Merchant 2054,Location 2054
2055,Merchant 2055,Location 2055
2056,Merchant 2056,Location 2056
2057,Merchant 2057,Location 2057
2058,Merchant 2058,Location 2058
2059,Merchant 2059,Location 2059
2060,Merchant 2060,Location 2060
2061,Merchant 2061,Location 2061
2062,Merchant 2062,Location 2062
2063,Merchant 2063,Location 2063
2064,Merchant 2064,Location 2064
2065,Merchant 2065,Location 2065
2066,Merchant 2066,Location 2066
2067,Merchant 2067,Location 2067
2068,Merchant 2068,Location 2068
2069,Merchant 2069,Location 2069
2070,Merchant 2070,Location 2070
2071,Merchant 2071,Location 2071
2072,Merchant 2072,Location 2072
2073,Merchant 2073,Location 2073
2074,Merchant 2074,Location 2074
2075,Merchant 2075,Location 2075
2076,Merchant 2076,Location 2076
2077,Merchant 2077,Location 2077
2078,Merchant 2078,Location 2078
2079,Merchant 2079,Location 2079
2080,Merchant 2080,Location 2080
2081,Merchant 2081,Location 2081
2082,Merchant 2082,Location 2082
2083,Merchant 2083,Location 2083
2084,Merchant 2084,Location 2084
2085,Merchant 2085,Location 2085
2086,Merchant 2086,Location 2086
2087,Merchant 2087,Location 2087
2088,Merchant 2088,Location 2088
2089,Merchant 2089,Location 2089
2090,Merchant 2090,Location 2090
2091,Merchant 2091,Location 2091
2092,Merchant 2092,Location 2092
2093,Merchant 2093,Location 2093
2094,Merchant 2094,Location 2094
2095,Merchant 2095,Location 2095
2096,Merchant 2096,Location 2096
2097,Merchant 2097,Location 2097
2098,Merchant 2098,Location 2098
2099,Merchant 2099,Location 2099
2100,Merchant 2100,Location 2100
2101,Merchant 2101,Location 2101
2102,Merchant 2102,Location 2102
2103,Merchant 2103,Location 2103
2104,Merchant 2104,Location 2104
2105,Merchant 2105,Location 2105
2106,Merchant 2106,Location 2106
2107,Merchant 2107,Location 2107
2108,Merchant 2108,Location 2108
2109,Merchant 2109,Location 2109
2110,Merchant 2110,Location 2110
2111,Merchant 2111,Location 2111
2112,Merchant 2112,Location 2112
2113,Merchant 2113,Location 2113
2114,Merchant 2114,Location 2114
2115,Merchant 2115,Location 2115
2116,Merchant 2116,Location 2116
2117,Merchant 2117,Location 2117
2118,Merchant 2118,Location 2118
2119,Merchant 2119,Location 2119
2120,Merchant 2120,Location 2120
2121,Merchant 2121,Location 2121
2122,Merchant 2122,Location 2122
2123,Merchant 2123,Location 2123
2124,Merchant 2124,Location 2124
2125,Merchant 2125,Location 2125
2126,Merchant 2126,Location 2126
2127,Merchant 2127,Location 2127
2128,Merchant 2128,Location 2128
2129,Merchant 2129,Location 2129
2130,Merchant 2130,Location 2130
2131,Merchant 2131,Location 2131
2132,Merchant 2132,Location 2132
2133,Merchant 2133,Location 2133
2134,Merchant 2134,Location 2134
2135,Merchant 2135,Location 2135
2136,Merchant 2136,Location 2136
2137,Merchant 2137,Location 2137
2138,Merchant 2138,Location 2138
2139,Merchant 2139,Location 2139
2140,Merchant 2140,Location 2140
2141,Merchant 2141,Location 2141
2142,Merchant 2142,Location 2142
2143,Merchant 2143,Location 2143
2144,Merchant 2144,Location 2144
2145,Merchant 2145,Location 2145
2146,Merchant 2146,Location 2146
2147,Merchant 2147,Location 2147
2148,Merchant 2148,Location 2148
2149,Merchant 2149,Location 2149
2150,Merchant 2150,Location 2150
2151,Merchant 2151,Location 2151
2152,Merchant 2152,Location 2152
2153,Merchant 2153,Location 2153
2154,Merchant 2154,Location 2154
2155,Merchant 2155,Location 2155
2156,Merchant 2156,Location 2156
2157,Merchant 2157,Location 2157
2158,Merchant 2158,Location 2158
2159,Merchant 2159,Location 2159
2160,Merchant 2160,Location 2160
2161,Merchant 2161,Location 2161
2162,Merchant 2162,Location 2162
2163,Merchant 2163,Location 2163
2164,Merchant 2164,Location 2164
2165,Merchant 2165,Location 2165
2166,Merchant 2166,Location 2166
2167,Merchant 2167,Location 2167
2168,Merchant 2168,Location 2168
2169,Merchant 2169,Location 2169
2170,Merchant 2170,Location 2170
2171,Merchant 2171,Location 2171
2172,Merchant 2172,Location 2172
2173,Merchant 2173,Location 2173
2174,Merchant 2174,Location 2174
2175,Merchant 2175,Location 2175
2176,Merchant 2176,Location 2176
2177,Merchant 2177,Location 2177
2178,Merchant 2178,Location 2178
2179,Merchant 2179,Location 2179
2180,Merchant 2180,Location 2180
2181,Merchant 2181,Location 2181
2182,Merchant 2182,Location 2182
2183,Merchant 2183,Location 2183
2184,Merchant 2184,Location 2184
2185,Merchant 2185,Location 2185
2186,Merchant 2186,Location 2186
2187,Merchant 2187,Location 2187
2188,Merchant 2188,Location 2188
2189,Merchant 2189,Location 2189
2190,Merchant 2190,Location 2190
2191,Merchant 2191,Location 2191
2192,Merchant 2192,Location 2192
2193,Merchant 2193,Location 2193
2194,Merchant 2194,Location 2194
2195,Merchant 2195,Location 2195
2196,Merchant 2196,Location 2196
2197,Merchant 2197,Location 2197
2198,Merchant 2198,Location 2198
2199,Merchant 2199,Location 2199
2200,Merchant 2200,Location 2200
2201,Merchant 2201,Location 2201
2202,Merchant 2202,Location 2202
2203,Merchant 2203,Location 2203
2204,Merchant 2204,Location 2204
2205,Merchant 2205,Location 2205
2206,Merchant 2206,Location 2206
2207,Merchant 2207,Location 2207
2208,Merchant 2208,Location 2208
2209,Merchant 2209,Location 2209
2210,Merchant 2210,Location 2210
2211,Merchant 2211,Location 2211
2212,Merchant 2212,Location 2212
2213,Merchant 2213,Location 2213
2214,Merchant 2214,Location 2214
2215,Merchant 2215,Location 2215
2216,Merchant 2216,Location 2216
2217,Merchant 2217,Location 2217
2218,Merchant 2218,Location 2218
2219,Merchant 2219,Location 2219
2220,Merchant 2220,Location 2220
2221,Merchant 2221,Location 2221
2222,Merchant 2222,Location 2222
2223,Merchant 2223,Location 2223
2224,Merchant 2224,Location 2224
2225,Merchant 2225,Location 2225
2226,Merchant 2226,Location 2226
2227,Merchant 2227,Location 2227
2228,Merchant 2228,Location 2228
2229,Merchant 2229,Location 2229
2230,Merchant 2230,Location 2230
2231,Merchant 2231,Location 2231
2232,Merchant 2232,Location 2232
2233,Merchant 2233,Location 2233
2234,Merchant 2234,Location 2234
2235,Merchant 2235,Location 2235
2236,Merchant 2236,Location 2236
2237,Merchant 2237,Location 2237
2238,Merchant 2238,Location 2238
2239,Merchant 2239,Location 2239
2240,Merchant 2240,Location 2240
2241,Merchant 2241,Location 2241
2242,Merchant 2242,Location 2242
2243,Merchant 2243,Location 2243
2244,Merchant 2244,Location 2244
2245,Merchant 2245,Location 2245
2246,Merchant 2246,Location 2246
2247,Merchant 2247,Location 2247
2248,Merchant 2248,Location 2248
2249,Merchant 2249,Location 2249
2250,Merchant 2250,Location 2250
2251,Merchant 2251,Location 2251
2252,Merchant 2252,Location 2252
2253,Merchant 2253,Location 2253
2254,Merchant 2254,Location 2254
2255,Merchant 2255,Location 2255
2256,Merchant 2256,Location 2256
2257,Merchant 2257,Location 2257
2258,Merchant 2258,Location 2258
2259,Merchant 2259,Location 2259
2260,Merchant 2260,Location 2260
2261,Merchant 2261,Location 2261
2262,Merchant 2262,Location 2262
2263,Merchant 2263,Location 2263
2264,Merchant 2264,Location 2264
2265,Merchant 2265,Location 2265
2266,Merchant 2266,Location 2266
2267,Merchant 2267,Location 2267
2268,Merchant 2268,Location 2268
2269,Merchant 2269,Location 2269
2270,Merchant 2270,Location 2270
2271,Merchant 2271,Location 2271
2272,Merchant 2272,Location 2272
2273,Merchant 2273,Location 2273
2274,Merchant 2274,Location 2274
2275,Merchant 2275,Location 2275
2276,Merchant 2276,Location 2276
2277,Merchant 2277,Location 2277
2278,Merchant 2278,Location 2278
2279,Merchant 2279,Location 2279
2280,Merchant 2280,Location 2280
2281,Merchant 2281,Location 2281
2282,Merchant 2282,Location 2282
2283,Merchant 2283,Location 2283
2284,Merchant 2284,Location 2284
2285,Merchant 2285,Location 2285
2286,Merchant 2286,Location 2286
2287,Merchant 2287,Location 2287
2288,Merchant 2288,Location 2288
2289,Merchant 2289,Location 2289
2290,Merchant 2290,Location 2290
2291,Merchant 2291,Location 2291
2292,Merchant 2292,Location 2292
2293,Merchant 2293,Location 2293
2294,Merchant 2294,Location 2294
2295,Merchant 2295,Location 2295
2296,Merchant 2296,Location 2296
2297,Merchant 2297,Location 2297
2298,Merchant 2298,Location 2298
2299,Merchant 2299,Location 2299
2300,Merchant 2300,Location 2300
2301,Merchant 2301,Location 2301
2302,Merchant 2302,Location 2302
2303,Merchant 2303,Location 2303
2304,Merchant 2304,Location 2304
2305,Merchant 2305,Location 2305
2306,Merchant 2306,Location 2306
2307,Merchant 2307,Location 2307
2308,Merchant 2308,Location 2308
2309,Merchant 2309,Location 2309
2310,Merchant 2310,Location 2310
2311,Merchant 2311,Location 2311
2312,Merchant 2312,Location 2312
2313,Merchant 2313,Location 2313
2314,Merchant 2314,Location 2314
2315,Merchant 2315,Location 2315
2316,Merchant 2316,Location 2316
2317,Merchant 2317,Location 2317
2318,Merchant 2318,Location 2318
2319,Merchant 2319,Location 2319
2320,Merchant 2320,Location 2320
2321,Merchant 2321,Location 2321
2322,Merchant 2322,Location 2322
2323,Merchant 2323,Location 2323
2324,Merchant 2324,Location 2324
2325,Merchant 2325,Location 2325
2326,Merchant 2326,Location 2326
2327,Merchant 2327,Location 2327
2328,Merchant 2328,Location 2328
2329,Merchant 2329,Location 2329
2330,Merchant 2330,Location 2330
2331,Merchant 2331,Location 2331
2332,Merchant 2332,Location 2332
2333,Merchant 2333,Location 2333
2334,Merchant 2334,Location 2334
2335,Merchant 2335,Location 2335
2336,Merchant 2336,Location 2336
2337,Merchant 2337,Location 2337
2338,Merchant 2338,Location 2338
2339,Merchant 2339,Location 2339
2340,Merchant 2340,Location 2340
2341,Merchant 2341,Location 2341
2342,Merchant 2342,Location 2342
2343,Merchant 2343,Location 2343
2344,Merchant 2344,Location 2344
2345,Merchant 2345,Location 2345
2346,Merchant 2346,Location 2346
2347,Merchant 2347,Location 2347
2348,Merchant 2348,Location 2348
2349,Merchant 2349,Location 2349
2350,Merchant 2350,Location 2350
2351,Merchant 2351,Location 2351
2352,Merchant 2352,Location 2352
2353,Merchant 2353,Location 2353
2354,Merchant 2354,Location 2354
2355,Merchant 2355,Location 2355
2356,Merchant 2356,Location 2356
2357,Merchant 2357,Location 2357
2358,Merchant 2358,Location 2358
2359,Merchant 2359,Location 2359
2360,Merchant 2360,Location 2360
2361,Merchant 2361,Location 2361
2362,Merchant 2362,Location 2362
2363,Merchant 2363,Location 2363
2364,Merchant 2364,Location 2364
2365,Merchant 2365,Location 2365
2366,Merchant 2366,Location 2366
2367,Merchant 2367,Location 2367
2368,Merchant 2368,Location 2368
2369,Merchant 2369,Location 2369
2370,Merchant 2370,Location 2370
2371,Merchant 2371,Location 2371
2372,Merchant 2372,Location 2372
2373,Merchant 2373,Location 2373
2374,Merchant 2374,Location 2374
2375,Merchant 2375,Location 2375
2376,Merchant 2376,Location 2376
2377,Merchant 2377,Location 2377
2378,Merchant 2378,Location 2378
2379,Merchant 2379,Location 2379
2380,Merchant 2380,Location 2380
2381,Merchant 2381,Location 2381
2382,Merchant 2382,Location 2382
2383,Merchant 2383,Location 2383
2384,Merchant 2384,Location 2384
2385,Merchant 2385,Location 2385
2386,Merchant 2386,Location 2386
2387,Merchant 2387,Location 2387
2388,Merchant 2388,Location 2388
2389,Merchant 2389,Location 2389
2390,Merchant 2390,Location 2390
2391,Merchant 2391,Location 2391
2392,Merchant 2392,Location 2392
2393,Merchant 2393,Location 2393
2394,Merchant 2394,Location 2394
2395,Merchant 2395,Location 2395
2396,Merchant 2396,Location 2396
2397,Merchant 2397,Location 2397
2398,Merchant 2398,Location 2398
2399,Merchant 2399,Location 2399
2400,Merchant 2400,Location 2400
2401,Merchant 2401,Location 2401
2402,Merchant 2402,Location 2402
2403,Merchant 2403,Location 2403
2404,Merchant 2404,Location 2404
2405,Merchant 2405,Location 2405
2406,Merchant 2406,Location 2406
2407,Merchant 2407,Location 2407
2408,Merchant 2408,Location 2408
2409,Merchant 2409,Location 2409
2410,Merchant 2410,Location 2410
2411,Merchant 2411,Location 2411
2412,Merchant 2412,Location 2412
2413,Merchant 2413,Location 2413
2414,Merchant 2414,Location 2414
2415,Merchant 2415,Location 2415
2416,Merchant 2416,Location 2416
2417,Merchant 2417,Location 2417
2418,Merchant 2418,Location 2418
2419,Merchant 2419,Location 2419
2420,Merchant 2420,Location 2420
2421,Merchant 2421,Location 2421
2422,Merchant 2422,Location 2422
2423,Merchant 2423,Location 2423
2424,Merchant 2424,Location 2424
2425,Merchant 2425,Location 2425
2426,Merchant 2426,Location 2426
2427,Merchant 2427,Location 2427
2428,Merchant 2428,Location 2428
2429,Merchant 2429,Location 2429
2430,Merchant 2430,Location 2430
2431,Merchant 2431,Location 2431
2432,Merchant 2432,Location 2432
2433,Merchant 2433,Location 2433
2434,Merchant 2434,Location 2434
2435,Merchant 2435,Location 2435
2436,Merchant 2436,Location 2436
2437,Merchant 2437,Location 2437
2438,Merchant 2438,Location 2438
2439,Merchant 2439,Location 2439
2440,Merchant 2440,Location 2440
2441,Merchant 2441,Location 2441
2442,Merchant 2442,Location 2442
2443,Merchant 2443,Location 2443
2444,Merchant 2444,Location 2444
2445,Merchant 2445,Location 2445
2446,Merchant 2446,Location 2446
2447,Merchant 2447,Location 2447
2448,Merchant 2448,Location 2448
2449,Merchant 2449,Location 2449
2450,Merchant 2450,Location 2450
2451,Merchant 2451,Location 2451
2452,Merchant 2452,Location 2452
2453,Merchant 2453,Location 2453
2454,Merchant 2454,Location 2454
2455,Merchant 2455,Location 2455
2456,Merchant 2456,Location 2456
2457,Merchant 2457,Location 2457
2458,Merchant 2458,Location 2458
2459,Merchant 2459,Location 2459
2460,Merchant 2460,Location 2460
2461,Merchant 2461,Location 2461
2462,Merchant 2462,Location 2462
2463,Merchant 2463,Location 2463
2464,Merchant 2464,Location 2464
2465,Merchant 2465,Location 2465
2466,Merchant 2466,Location 2466
2467,Merchant 2467,Location 2467
2468,Merchant 2468,Location 2468
2469,Merchant 2469,Location 2469
2470,Merchant 2470,Location 2470
2471,Merchant 2471,Location 2471
2472,Merchant 2472,Location 2472
2473,Merchant 2473,Location 2473
2474,Merchant 2474,Location 2474
2475,Merchant 2475,Location 2475
2476,Merchant 2476,Location 2476
2477,Merchant 2477,Location 2477
2478,Merchant 2478,Location 2478
2479,Merchant 2479,Location 2479
2480,Merchant 2480,Location 2480
2481,Merchant 2481,Location 2481
2482,Merchant 2482,Location 2482
2483,Merchant 2483,Location 2483
2484,Merchant 2484,Location 2484
2485,Merchant 2485,Location 2485
2486,Merchant 2486,Location 2486
2487,Merchant 2487,Location 2487
2488,Merchant 2488,Location 2488
2489,Merchant 2489,Location 2489
2490,Merchant 2490,Location 2490
2491,Merchant 2491,Location 2491
2492,Merchant 2492,Location 2492
2493,Merchant 2493,Location 2493
2494,Merchant 2494,Location 2494
2495,Merchant 2495,Location 2495
2496,Merchant 2496,Location 2496
2497,Merchant 2497,Location 2497
2498,Merchant 2498,Location 2498
2499,Merchant 2499,Location 2499
2500,Merchant 2500,Location 2500
2501,Merchant 2501,Location 2501
2502,Merchant 2502,Location 2502
2503,Merchant 2503,Location 2503
2504,Merchant 2504,Location 2504
2505,Merchant 2505,Location 2505
2506,Merchant 2506,Location 2506
2507,Merchant 2507,Location 2507
2508,Merchant 2508,Location 2508
2509,Merchant 2509,Location 2509
2510,Merchant 2510,Location 2510
2511,Merchant 2511,Location 2511
2512,Merchant 2512,Location 2512
2513,Merchant 2513,Location 2513
2514,Merchant 2514,Location 2514
2515,Merchant 2515,Location 2515
2516,Merchant 2516,Location 2516
2517,Merchant 2517,Location 2517
2518,Merchant 2518,Location 2518
2519,Merchant 2519,Location 2519
2520,Merchant 2520,Location 2520
2521,Merchant 2521,Location 2521
2522,Merchant 2522,Location 2522
2523,Merchant 2523,Location 2523
2524,Merchant 2524,Location 2524
2525,Merchant 2525,Location 2525
2526,Merchant 2526,Location 2526
2527,Merchant 2527,Location 2527
2528,Merchant 2528,Location 2528
2529,Merchant 2529,Location 2529
2530,Merchant 2530,Location 2530
2531,Merchant 2531,Location 2531
2532,Merchant 2532,Location 2532
2533,Merchant 2533,Location 2533
2534,Merchant 2534,Location 2534
2535,Merchant 2535,Location 2535
2536,Merchant 2536,Location 2536
2537,Merchant 2537,Location 2537
2538,Merchant 2538,Location 2538
2539,Merchant 2539,Location 2539
2540,Merchant 2540,Location 2540
2541,Merchant 2541,Location 2541
2542,Merchant 2542,Location 2542
2543,Merchant 2543,Location 2543
2544,Merchant 2544,Location 2544
2545,Merchant 2545,Location 2545
2546,Merchant 2546,Location 2546
2547,Merchant 2547,Location 2547
2548,Merchant 2548,Location 2548
2549,Merchant 2549,Location 2549
2550,Merchant 2550,Location 2550
2551,Merchant 2551,Location 2551
2552,Merchant 2552,Location 2552
2553,Merchant 2553,Location 2553
2554,Merchant 2554,Location 2554
2555,Merchant 2555,Location 2555
2556,Merchant 2556,Location 2556
2557,Merchant 2557,Location 2557
2558,Merchant 2558,Location 2558
2559,Merchant 2559,Location 2559
2560,Merchant 2560,Location 2560
2561,Merchant 2561,Location 2561
2562,Merchant 2562,Location 2562
2563,Merchant 2563,Location 2563
2564,Merchant 2564,Location 2564
2565,Merchant 2565,Location 2565
2566,Merchant 2566,Location 2566
2567,Merchant 2567,Location 2567
2568,Merchant 2568,Location 2568
2569,Merchant 2569,Location 2569
2570,Merchant 2570,Location 2570
2571,Merchant 2571,Location 2571
2572,Merchant 2572,Location 2572
2573,Merchant 2573,Location 2573
2574,Merchant 2574,Location 2574
2575,Merchant 2575,Location 2575
2576,Merchant 2576,Location 2576
2577,Merchant 2577,Location 2577
2578,Merchant 2578,Location 2578
2579,Merchant 2579,Location 2579
2580,Merchant 2580,Location 2580
2581,Merchant 2581,Location 2581
2582,Merchant 2582,Location 2582
2583,Merchant 2583,Location 2583
2584,Merchant 2584,Location 2584
2585,Merchant 2585,Location 2585
2586,Merchant 2586,Location 2586
2587,Merchant 2587,Location 2587
2588,Merchant 2588,Location 2588
2589,Merchant 2589,Location 2589
2590,Merchant 2590,Location 2590
2591,Merchant 2591,Location 2591
2592,Merchant 2592,Location 2592
2593,Merchant 2593,Location 2593
2594,Merchant 2594,Location 2594
2595,Merchant 2595,Location 2595
2596,Merchant 2596,Location 2596
2597,Merchant 2597,Location 2597
2598,Merchant 2598,Location 2598
2599,Merchant 2599,Location 2599
2600,Merchant 2600,Location 2600
2601,Merchant 2601,Location 2601
2602,Merchant 2602,Location 2602
2603,Merchant 2603,Location 2603
2604,Merchant 2604,Location 2604
2605,Merchant 2605,Location 2605
2606,Merchant 2606,Location 2606
2607,Merchant 2607,Location 2607
2608,Merchant 2608,Location 2608
2609,Merchant 2609,Location 2609
2610,Merchant 2610,Location 2610
2611,Merchant 2611,Location 2611
2612,Merchant 2612,Location 2612
2613,Merchant 2613,Location 2613
2614,Merchant 2614,Location 2614
2615,Merchant 2615,Location 2615
2616,Merchant 2616,Location 2616
2617,Merchant 2617,Location 2617
2618,Merchant 2618,Location 2618
2619,Merchant 2619,Location 2619
2620,Merchant 2620,Location 2620
2621,Merchant 2621,Location 2621
2622,Merchant 2622,Location 2622
2623,Merchant 2623,Location 2623
2624,Merchant 2624,Location 2624
2625,Merchant 2625,Location 2625
2626,Merchant 2626,Location 2626
2627,Merchant 2627,Location 2627
2628,Merchant 2628,Location 2628
2629,Merchant 2629,Location 2629
2630,Merchant 2630,Location 2630
2631,Merchant 2631,Location 2631
2632,Merchant 2632,Location 2632
2633,Merchant 2633,Location 2633
2634,Merchant 2634,Location 2634
2635,Merchant 2635,Location 2635
2636,Merchant 2636,Location 2636
2637,Merchant 2637,Location 2637
2638,Merchant 2638,Location 2638
2639,Merchant 2639,Location 2639
2640,Merchant 2640,Location 2640
2641,Merchant 2641,Location 2641
2642,Merchant 2642,Location 2642
2643,Merchant 2643,Location 2643
2644,Merchant 2644,Location 2644
2645,Merchant 2645,Location 2645
2646,Merchant 2646,Location 2646
2647,Merchant 2647,Location 2647
2648,Merchant 2648,Location 2648
2649,Merchant 2649,Location 2649
2650,Merchant 2650,Location 2650
2651,Merchant 2651,Location 2651
2652,Merchant 2652,Location 2652
2653,Merchant 2653,Location 2653
2654,Merchant 2654,Location 2654
2655,Merchant 2655,Location 2655
2656,Merchant 2656,Location 2656
2657,Merchant 2657,Location 2657
2658,Merchant 2658,Location 2658
2659,Merchant 2659,Location 2659
2660,Merchant 2660,Location 2660
2661,Merchant 2661,Location 2661
2662,Merchant 2662,Location 2662
2663,Merchant 2663,Location 2663
2664,Merchant 2664,Location 2664
2665,Merchant 2665,Location 2665
2666,Merchant 2666,Location 2666
2667,Merchant 2667,Location 2667
2668,Merchant 2668,Location 2668
2669,Merchant 2669,Location 2669
2670,Merchant 2670,Location 2670
2671,Merchant 2671,Location 2671
2672,Merchant 2672,Location 2672
2673,Merchant 2673,Location 2673
2674,Merchant 2674,Location 2674
2675,Merchant 2675,Location 2675
2676,Merchant 2676,Location 2676
2677,Merchant 2677,Location 2677
2678,Merchant 2678,Location 2678
2679,Merchant 2679,Location 2679
2680,Merchant 2680,Location 2680
2681,Merchant 2681,Location 2681
2682,Merchant 2682,Location 2682
2683,Merchant 2683,Location 2683
2684,Merchant 2684,Location 2684
2685,Merchant 2685,Location 2685
2686,Merchant 2686,Location 2686
2687,Merchant 2687,Location 2687
2688,Merchant 2688,Location 2688
2689,Merchant 2689,Location 2689
2690,Merchant 2690,Location 2690
2691,Merchant 2691,Location 2691
2692,Merchant 2692,Location 2692
2693,Merchant 2693,Location 2693
2694,Merchant 2694,Location 2694
2695,Merchant 2695,Location 2695
2696,Merchant 2696,Location 2696
2697,Merchant 2697,Location 2697
2698,Merchant 2698,Location 2698
2699,Merchant 2699,Location 2699
2700,Merchant 2700,Location 2700
2701,Merchant 2701,Location 2701
2702,Merchant 2702,Location 2702
2703,Merchant 2703,Location 2703
2704,Merchant 2704,Location 2704
2705,Merchant 2705,Location 2705
2706,Merchant 2706,Location 2706
2707,Merchant 2707,Location 2707
2708,Merchant 2708,Location 2708
2709,Merchant 2709,Location 2709
2710,Merchant 2710,Location 2710
2711,Merchant 2711,Location 2711
2712,Merchant 2712,Location 2712
2713,Merchant 2713,Location 2713
2714,Merchant 2714,Location 2714
2715,Merchant 2715,Location 2715
2716,Merchant 2716,Location 2716
2717,Merchant 2717,Location 2717
2718,Merchant 2718,Location 2718
2719,Merchant 2719,Location 2719
2720,Merchant 2720,Location 2720
2721,Merchant 2721,Location 2721
2722,Merchant 2722,Location 2722
2723,Merchant 2723,Location 2723
2724,Merchant 2724,Location 2724
2725,Merchant 2725,Location 2725
2726,Merchant 2726,Location 2726
2727,Merchant 2727,Location 2727
2728,Merchant 2728,Location 2728
2729,Merchant 2729,Location 2729
2730,Merchant 2730,Location 2730
2731,Merchant 2731,Location 2731
2732,Merchant 2732,Location 2732
2733,Merchant 2733,Location 2733
2734,Merchant 2734,Location 2734
2735,Merchant 2735,Location 2735
2736,Merchant 2736,Location 2736
2737,Merchant 2737,Location 2737
2738,Merchant 2738,Location 2738
2739,Merchant 2739,Location 2739
2740,Merchant 2740,Location 2740
2741,Merchant 2741,Location 2741
2742,Merchant 2742,Location 2742
2743,Merchant 2743,Location 2743
2744,Merchant 2744,Location 2744
2745,Merchant 2745,Location 2745
2746,Merchant 2746,Location 2746
2747,Merchant 2747,Location 2747
2748,Merchant 2748,Location 2748
2749,Merchant 2749,Location 2749
2750,Merchant 2750,Location 2750
2751,Merchant 2751,Location 2751
2752,Merchant 2752,Location 2752
2753,Merchant 2753,Location 2753
2754,Merchant 2754,Location 2754
2755,Merchant 2755,Location 2755
2756,Merchant 2756,Location 2756
2757,Merchant 2757,Location 2757
2758,Merchant 2758,Location 2758
2759,Merchant 2759,Location 2759
2760,Merchant 2760,Location 2760
2761,Merchant 2761,Location 2761
2762,Merchant 2762,Location 2762
2763,Merchant 2763,Location 2763
2764,Merchant 2764,Location 2764
2765,Merchant 2765,Location 2765
2766,Merchant 2766,Location 2766
2767,Merchant 2767,Location 2767
2768,Merchant 2768,Location 2768
2769,Merchant 2769,Location 2769
2770,Merchant 2770,Location 2770
2771,Merchant 2771,Location 2771
2772,Merchant 2772,Location 2772
2773,Merchant 2773,Location 2773
2774,Merchant 2774,Location 2774
2775,Merchant 2775,Location 2775
2776,Merchant 2776,Location 2776
2777,Merchant 2777,Location 2777
2778,Merchant 2778,Location 2778
2779,Merchant 2779,Location 2779
2780,Merchant 2780,Location 2780
2781,Merchant 2781,Location 2781
2782,Merchant 2782,Location 2782
2783,Merchant 2783,Location 2783
2784,Merchant 2784,Location 2784
2785,Merchant 2785,Location 2785
2786,Merchant 2786,Location 2786
2787,Merchant 2787,Location 2787
2788,Merchant 2788,Location 2788
2789,Merchant 2789,Location 2789
2790,Merchant 2790,Location 2790
2791,Merchant 2791,Location 2791
2792,Merchant 2792,Location 2792
2793,Merchant 2793,Location 2793
2794,Merchant 2794,Location 2794
2795,Merchant 2795,Location 2795
2796,Merchant 2796,Location 2796
2797,Merchant 2797,Location 2797
2798,Merchant 2798,Location 2798
2799,Merchant 2799,Location 2799
2800,Merchant 2800,Location 2800
2801,Merchant 2801,Location 2801
2802,Merchant 2802,Location 2802
2803,Merchant 2803,Location 2803
2804,Merchant 2804,Location 2804
2805,Merchant 2805,Location 2805
2806,Merchant 2806,Location 2806
2807,Merchant 2807,Location 2807
2808,Merchant 2808,Location 2808
2809,Merchant 2809,Location 2809
2810,Merchant 2810,Location 2810
2811,Merchant 2811,Location 2811
2812,Merchant 2812,Location 2812
2813,Merchant 2813,Location 2813
2814,Merchant 2814,Location 2814
2815,Merchant 2815,Location 2815
2816,Merchant 2816,Location 2816
2817,Merchant 2817,Location 2817
2818,Merchant 2818,Location 2818
2819,Merchant 2819,Location 2819
2820,Merchant 2820,Location 2820
2821,Merchant 2821,Location 2821
2822,Merchant 2822,Location 2822
2823,Merchant 2823,Location 2823
2824,Merchant 2824,Location 2824
2825,Merchant 2825,Location 2825
2826,Merchant 2826,Location 2826
2827,Merchant 2827,Location 2827
2828,Merchant 2828,Location 2828
2829,Merchant 2829,Location 2829
2830,Merchant 2830,Location 2830
2831,Merchant 2831,Location 2831
2832,Merchant 2832,Location 2832
2833,Merchant 2833,Location 2833
2834,Merchant 2834,Location 2834
2835,Merchant 2835,Location 2835
2836,Merchant 2836,Location 2836
2837,Merchant 2837,Location 2837
2838,Merchant 2838,Location 2838
2839,Merchant 2839,Location 2839
2840,Merchant 2840,Location 2840
2841,Merchant 2841,Location 2841
2842,Merchant 2842,Location 2842
2843,Merchant 2843,Location 2843
2844,Merchant 2844,Location 2844
2845,Merchant 2845,Location 2845
2846,Merchant 2846,Location 2846
2847,Merchant 2847,Location 2847
2848,Merchant 2848,Location 2848
2849,Merchant 2849,Location 2849
2850,Merchant 2850,Location 2850
2851,Merchant 2851,Location 2851
2852,Merchant 2852,Location 2852
2853,Merchant 2853,Location 2853
2854,Merchant 2854,Location 2854
2855,Merchant 2855,Location 2855
2856,Merchant 2856,Location 2856
2857,Merchant 2857,Location 2857
2858,Merchant 2858,Location 2858
2859,Merchant 2859,Location 2859
2860,Merchant 2860,Location 2860
2861,Merchant 2861,Location 2861
2862,Merchant 2862,Location 2862
2863,Merchant 2863,Location 2863
2864,Merchant 2864,Location 2864
2865,Merchant 2865,Location 2865
2866,Merchant 2866,Location 2866
2867,Merchant 2867,Location 2867
2868,Merchant 2868,Location 2868
2869,Merchant 2869,Location 2869
2870,Merchant 2870,Location 2870
2871,Merchant 2871,Location 2871
2872,Merchant 2872,Location 2872
2873,Merchant 2873,Location 2873
2874,Merchant 2874,Location 2874
2875,Merchant 2875,Location 2875
2876,Merchant 2876,Location 2876
2877,Merchant 2877,Location 2877
2878,Merchant 2878,Location 2878
2879,Merchant 2879,Location 2879
2880,Merchant 2880,Location 2880
2881,Merchant 2881,Location 2881
2882,Merchant 2882,Location 2882
2883,Merchant 2883,Location 2883
2884,Merchant 2884,Location 2884
2885,Merchant 2885,Location 2885
2886,Merchant 2886,Location 2886
2887,Merchant 2887,Location 2887
2888,Merchant 2888,Location 2888
2889,Merchant 2889,Location 2889
2890,Merchant 2890,Location 2890
2891,Merchant 2891,Location 2891
2892,Merchant 2892,Location 2892
2893,Merchant 2893,Location 2893
2894,Merchant 2894,Location 2894
2895,Merchant 2895,Location 2895
2896,Merchant 2896,Location 2896
2897,Merchant 2897,Location 2897
2898,Merchant 2898,Location 2898
2899,Merchant 2899,Location 2899
2900,Merchant 2900,Location 2900
2901,Merchant 2901,Location 2901
2902,Merchant 2902,Location 2902
2903,Merchant 2903,Location 2903
2904,Merchant 2904,Location 2904
2905,Merchant 2905,Location 2905
2906,Merchant 2906,Location 2906
2907,Merchant 2907,Location 2907
2908,Merchant 2908,Location 2908
2909,Merchant 2909,Location 2909
2910,Merchant 2910,Location 2910
2911,Merchant 2911,Location 2911
2912,Merchant 2912,Location 2912
2913,Merchant 2913,Location 2913
2914,Merchant 2914,Location 2914
2915,Merchant 2915,Location 2915
2916,Merchant 2916,Location 2916
2917,Merchant 2917,Location 2917
2918,Merchant 2918,Location 2918
2919,Merchant 2919,Location 2919
2920,Merchant 2920,Location 2920
2921,Merchant 2921,Location 2921
2922,Merchant 2922,Location 2922
2923,Merchant 2923,Location 2923
2924,Merchant 2924,Location 2924
2925,Merchant 2925,Location 2925
2926,Merchant 2926,Location 2926
2927,Merchant 2927,Location 2927
2928,Merchant 2928,Location 2928
2929,Merchant 2929,Location 2929
2930,Merchant 2930,Location 2930
2931,Merchant 2931,Location 2931
2932,Merchant 2932,Location 2932
2933,Merchant 2933,Location 2933
2934,Merchant 2934,Location 2934
2935,Merchant 2935,Location 2935
2936,Merchant 2936,Location 2936
2937,Merchant 2937,Location 2937
2938,Merchant 2938,Location 2938
2939,Merchant 2939,Location 2939
2940,Merchant 2940,Location 2940
2941,Merchant 2941,Location 2941
2942,Merchant 2942,Location 2942
2943,Merchant 2943,Location 2943
2944,Merchant 2944,Location 2944
2945,Merchant 2945,Location 2945
2946,Merchant 2946,Location 2946
2947,Merchant 2947,Location 2947
2948,Merchant 2948,Location 2948
2949,Merchant 2949,Location 2949
2950,Merchant 2950,Location 2950
2951,Merchant 2951,Location 2951
2952,Merchant 2952,Location 2952
2953,Merchant 2953,Location 2953
2954,Merchant 2954,Location 2954
2955,Merchant 2955,Location 2955
2956,Merchant 2956,Location 2956
2957,Merchant 2957,Location 2957
2958,Merchant 2958,Location 2958
2959,Merchant 2959,Location 2959
2960,Merchant 2960,Location 2960
2961,Merchant 2961,Location 2961
2962,Merchant 2962,Location 2962
2963,Merchant 2963,Location 2963
2964,Merchant 2964,Location 2964
2965,Merchant 2965,Location 2965
2966,Merchant 2966,Location 2966
2967,Merchant 2967,Location 2967
2968,Merchant 2968,Location 2968
2969,Merchant 2969,Location 2969
2970,Merchant 2970,Location 2970
2971,Merchant 2971,Location 2971
2972,Merchant 2972,Location 2972
2973,Merchant 2973,Location 2973
2974,Merchant 2974,Location 2974
2975,Merchant 2975,Location 2975
2976,Merchant 2976,Location 2976
2977,Merchant 2977,Location 2977
2978,Merchant 2978,Location 2978
2979,Merchant 2979,Location 2979
2980,Merchant 2980,Location 2980
2981,Merchant 2981,Location 2981
2982,Merchant 2982,Location 2982
2983,Merchant 2983,Location 2983
2984,Merchant 2984,Location 2984
2985,Merchant 2985,Location 2985
2986,Merchant 2986,Location 2986
2987,Merchant 2987,Location 2987
2988,Merchant 2988,Location 2988
2989,Merchant 2989,Location 2989
2990,Merchant 2990,Location 2990
2991,Merchant 2991,Location 2991
2992,Merchant 2992,Location 2992
2993,Merchant 2993,Location 2993
2994,Merchant 2994,Location 2994
2995,Merchant 2995,Location 2995
2996,Merchant 2996,Location 2996
2997,Merchant 2997,Location 2997
2998,Merchant 2998,Location 2998
2999,Merchant 2999,Location 2999
3000,Merchant 3000,Location 3000
